,path
0,i2308
1,i5423
2,i9032
3,i1096
4,i5660
5,i4673
6,i1785
7,i7684
8,i2929
9,i6836
10,i6061
11,i2890
12,i2436
13,i6877
14,i7481
15,i2501
16,i7457
17,i6642
18,i0247
19,i1176
20,i2017
21,i2817
22,i2268
23,i0201
24,i6041
25,i0189
26,i4214
27,i0994
28,i2021
29,i9213
30,i8899
31,i7188
32,i9230
33,i5010
34,i9742
35,i4964
36,i1845
37,i2359
38,i7848
39,i2936
40,i5664
41,i1359
42,i8691
43,i8205
44,i1516
45,i9678
46,i7214
47,i4063
48,i9506
49,i1467
50,i6009
51,i1662
52,i1237
53,i6368
54,i1461
55,i8633
56,i6920
57,i7497
58,i9971
59,i5926
60,i8605
61,i6882
62,i5861
63,i0369
64,i1861
65,i7631
66,i2087
67,i5470
68,i8520
69,i6776
70,i3673
71,i0015
72,i8207
73,i0257
74,i1718
75,i5274
76,i0893
77,i3326
78,i4981
79,i9695
80,i3930
81,i0938
82,i6904
83,i5356
84,i3043
85,i1595
86,i6943
87,i6635
88,i5136
89,i2551
90,i8438
91,i3523
92,i4954
93,i3327
94,i1124
95,i7472
96,i7437
97,i6987
98,i0143
99,i5904
100,i0343
101,i6501
102,i8492
103,i8737
104,i1166
105,i5004
106,i1275
107,i4266
108,i9180
109,i8426
110,i8256
111,i0158
112,i6153
113,i5983
114,i5364
115,i5649
116,i7894
117,i6791
118,i3679
119,i2384
120,i2813
121,i5081
122,i4734
123,i1714
124,i5845
125,i1116
126,i4513
127,i2676
128,i6225
129,i7167
130,i5895
131,i1223
132,i5859
